nome,id_aluno,dominio,email,matriculas
JOSE,234,@hotmail.com,jose@hotmail.com,1
JOAO,51,@gmail.com,joao@gmail.com,1
ANTONIO,41,@hotmail.com,antonio@hotmail.com,3
FRANCISCO,323,@hotmail.com,francisco@hotmail.com,1
CARLOS,143,@hotmail.com,carlos@hotmail.com,2
PAULO,379,@gmail.com,paulo@gmail.com,2
PEDRO,187,@hotmail.com,pedro@hotmail.com,1
LUCAS,166,@gmail.com,lucas@gmail.com,1
LUIZ,25,@gmail.com,luiz@gmail.com,2
MARCOS,192,@hotmail.com,marcos@hotmail.com,1
LUIS,150,@hotmail.com,luis@hotmail.com,3
GABRIEL,361,@gmail.com,gabriel@gmail.com,2
RAFAEL,240,@gmail.com,rafael@gmail.com,1
DANIEL,139,@gmail.com,daniel@gmail.com,7
MARCELO,46,@hotmail.com,marcelo@hotmail.com,4
BRUNO,208,@gmail.com,bruno@gmail.com,1
EDUARDO,232,@hotmail.com,eduardo@hotmail.com,1
FELIPE,286,@gmail.com,felipe@gmail.com,2
RAIMUNDO,163,@gmail.com,raimundo@gmail.com,2
RODRIGO,183,@gmail.com,rodrigo@gmail.com,1
MANOEL,235,@hotmail.com,manoel@hotmail.com,1
MATEUS,355,@hotmail.com,mateus@hotmail.com,1
ANDRE,214,@gmail.com,andre@gmail.com,1
FERNANDO,174,@gmail.com,fernando@gmail.com,1
FABIO,220,@hotmail.com,fabio@hotmail.com,2
LEONARDO,159,@gmail.com,leonardo@gmail.com,5
GUSTAVO,108,@hotmail.com,gustavo@hotmail.com,2
GUILHERME,381,@gmail.com,guilherme@gmail.com,1
LEANDRO,9,@gmail.com,leandro@gmail.com,1
TIAGO,298,@gmail.com,tiago@gmail.com,1
ANDERSON,95,@gmail.com,anderson@gmail.com,3
RICARDO,5,@hotmail.com,ricardo@hotmail.com,1
MARCIO,344,@gmail.com,marcio@gmail.com,1
JORGE,324,@hotmail.com,jorge@hotmail.com,3
SEBASTIAO,122,@hotmail.com,sebastiao@hotmail.com,1
ALEXANDRE,366,@gmail.com,alexandre@gmail.com,3
ROBERTO,274,@gmail.com,roberto@gmail.com,2
EDSON,242,@gmail.com,edson@gmail.com,1
DIEGO,359,@hotmail.com,diego@hotmail.com,1
VITOR,387,@gmail.com,vitor@gmail.com,2
SERGIO,367,@hotmail.com,sergio@hotmail.com,2
CLAUDIO,257,@hotmail.com,claudio@hotmail.com,2
MATHEUS,273,@gmail.com,matheus@gmail.com,7
THIAGO,322,@gmail.com,thiago@gmail.com,2
GERALDO,23,@hotmail.com,geraldo@hotmail.com,2
ADRIANO,186,@gmail.com,adriano@gmail.com,1
LUCIANO,385,@gmail.com,luciano@gmail.com,1
JULIO,123,@gmail.com,julio@gmail.com,1
RENATO,295,@hotmail.com,renato@hotmail.com,1
ALEX,149,@hotmail.com,alex@hotmail.com,2
VINICIUS,352,@gmail.com,vinicius@gmail.com,1
ROGERIO,165,@hotmail.com,rogerio@hotmail.com,1
SAMUEL,213,@gmail.com,samuel@gmail.com,5
RONALDO,312,@hotmail.com,ronaldo@hotmail.com,1
MARIO,184,@hotmail.com,mario@hotmail.com,2
FLAVIO,169,@hotmail.com,flavio@hotmail.com,1
DOUGLAS,125,@hotmail.com,douglas@hotmail.com,1
IGOR,218,@hotmail.com,igor@hotmail.com,4
DAVI,58,@hotmail.com,davi@hotmail.com,3
MANUEL,338,@hotmail.com,manuel@hotmail.com,1
JEFERSON,308,@gmail.com,jeferson@gmail.com,1
CICERO,317,@hotmail.com,cicero@hotmail.com,1
VICTOR,84,@gmail.com,victor@gmail.com,1
MIGUEL,154,@hotmail.com,miguel@hotmail.com,4
ROBSON,144,@hotmail.com,robson@hotmail.com,2
MAURICIO,347,@gmail.com,mauricio@gmail.com,5
DANILO,94,@hotmail.com,danilo@hotmail.com,4
HENRIQUE,67,@gmail.com,henrique@gmail.com,5
CAIO,93,@hotmail.com,caio@hotmail.com,2
REGINALDO,179,@hotmail.com,reginaldo@hotmail.com,2
JOAQUIM,281,@gmail.com,joaquim@gmail.com,1
BENEDITO,76,@hotmail.com,benedito@hotmail.com,1
GILBERTO,17,@gmail.com,gilberto@gmail.com,2
MARCO,270,@hotmail.com,marco@hotmail.com,3
ALAN,276,@hotmail.com,alan@hotmail.com,3
NELSON,239,@hotmail.com,nelson@hotmail.com,5
CRISTIANO,226,@gmail.com,cristiano@gmail.com,4
ELIAS,196,@hotmail.com,elias@hotmail.com,1
WILSON,148,@gmail.com,wilson@gmail.com,1
VALDIR,61,@hotmail.com,valdir@hotmail.com,1
EMERSON,268,@hotmail.com,emerson@hotmail.com,1
LUAN,377,@gmail.com,luan@gmail.com,2
DAVID,304,@hotmail.com,david@hotmail.com,3
RENAN,85,@hotmail.com,renan@hotmail.com,1
SEVERINO,177,@hotmail.com,severino@hotmail.com,1
FABRICIO,211,@hotmail.com,fabricio@hotmail.com,2
MAURO,233,@gmail.com,mauro@gmail.com,2
JONAS,88,@gmail.com,jonas@gmail.com,1
GILMAR,386,@hotmail.com,gilmar@hotmail.com,1
JEAN,306,@hotmail.com,jean@hotmail.com,5
FABIANO,133,@hotmail.com,fabiano@hotmail.com,3
WESLEY,156,@hotmail.com,wesley@hotmail.com,3
DIOGO,305,@hotmail.com,diogo@hotmail.com,2
ADILSON,203,@hotmail.com,adilson@hotmail.com,7
JAIR,160,@hotmail.com,jair@hotmail.com,1
ALESSANDRO,374,@hotmail.com,alessandro@hotmail.com,4
EVERTON,358,@gmail.com,everton@gmail.com,3
OSVALDO,194,@hotmail.com,osvaldo@hotmail.com,1
GILSON,30,@hotmail.com,gilson@hotmail.com,2
WILLIAN,285,@gmail.com,willian@gmail.com,4
JOEL,248,@gmail.com,joel@gmail.com,1
SILVIO,345,@hotmail.com,silvio@hotmail.com,1
HELIO,54,@gmail.com,helio@gmail.com,3
MAICON,89,@gmail.com,maicon@gmail.com,2
REINALDO,157,@hotmail.com,reinaldo@hotmail.com,1
PABLO,301,@gmail.com,pablo@gmail.com,1
ARTUR,255,@gmail.com,artur@gmail.com,1
VAGNER,15,@hotmail.com,vagner@hotmail.com,2
VALTER,368,@hotmail.com,valter@hotmail.com,1
CELSO,339,@gmail.com,celso@gmail.com,2
IVAN,138,@gmail.com,ivan@gmail.com,3
CLEITON,360,@gmail.com,cleiton@gmail.com,2
VANDERLEI,260,@gmail.com,vanderlei@gmail.com,2
VICENTE,294,@hotmail.com,vicente@hotmail.com,4
ARTHUR,353,@gmail.com,arthur@gmail.com,4
MILTON,202,@hotmail.com,milton@hotmail.com,4
DOMINGOS,31,@hotmail.com,domingos@hotmail.com,4
WAGNER,40,@hotmail.com,wagner@hotmail.com,3
SANDRO,349,@gmail.com,sandro@gmail.com,3
MOISES,127,@gmail.com,moises@gmail.com,2
EDILSON,26,@gmail.com,edilson@gmail.com,1
ADEMIR,37,@gmail.com,ademir@gmail.com,1
ADAO,92,@hotmail.com,adao@hotmail.com,1
EVANDRO,42,@hotmail.com,evandro@hotmail.com,3
CESAR,307,@gmail.com,cesar@gmail.com,2
VALMIR,181,@gmail.com,valmir@gmail.com,7
MURILO,283,@hotmail.com,murilo@hotmail.com,1
JULIANO,318,@hotmail.com,juliano@hotmail.com,6
EDVALDO,252,@gmail.com,edvaldo@gmail.com,2
AILTON,38,@hotmail.com,ailton@hotmail.com,2
JUNIOR,393,@gmail.com,junior@gmail.com,1
BRENO,297,@gmail.com,breno@gmail.com,2
NICOLAS,55,@hotmail.com,nicolas@hotmail.com,1
RUAN,284,@hotmail.com,ruan@hotmail.com,1
ALBERTO,74,@gmail.com,alberto@gmail.com,1
RUBENS,219,@gmail.com,rubens@gmail.com,2
NILTON,8,@hotmail.com,nilton@hotmail.com,2
AUGUSTO,72,@gmail.com,augusto@gmail.com,2
CLEBER,320,@gmail.com,cleber@gmail.com,3
OSMAR,327,@gmail.com,osmar@gmail.com,1
NILSON,351,@hotmail.com,nilson@hotmail.com,1
ORLANDO,164,@gmail.com,orlando@gmail.com,2
HUGO,230,@gmail.com,hugo@gmail.com,6
OTAVIO,19,@gmail.com,otavio@gmail.com,2
VINICIOS,236,@hotmail.com,vinicios@hotmail.com,1
ITALO,262,@gmail.com,italo@gmail.com,7
WILIAN,224,@gmail.com,wilian@gmail.com,1
ALISSON,45,@gmail.com,alisson@gmail.com,6
APARECIDO,290,@gmail.com,aparecido@gmail.com,3
ISRAEL,79,@hotmail.com,israel@hotmail.com,2
EDMILSON,90,@hotmail.com,edmilson@hotmail.com,2
JOSUE,16,@hotmail.com,josue@hotmail.com,1
GERSON,330,@gmail.com,gerson@gmail.com,1
CAUA,155,@hotmail.com,caua@hotmail.com,5
SIDNEI,137,@gmail.com,sidnei@gmail.com,1
EMANUEL,199,@gmail.com,emanuel@gmail.com,2
VALDEMAR,162,@hotmail.com,valdemar@hotmail.com,2
JAIME,331,@hotmail.com,jaime@hotmail.com,2
EDIVALDO,253,@gmail.com,edivaldo@gmail.com,1
ARNALDO,346,@gmail.com,arnaldo@gmail.com,1
MOACIR,244,@hotmail.com,moacir@hotmail.com,1
DAMIAO,11,@gmail.com,damiao@gmail.com,1
ISMAEL,275,@gmail.com,ismael@gmail.com,1
NIVALDO,299,@hotmail.com,nivaldo@hotmail.com,1
JAIRO,120,@hotmail.com,jairo@hotmail.com,3
ISAIAS,100,@gmail.com,isaias@gmail.com,1
MICHEL,28,@gmail.com,michel@gmail.com,3
ANGELO,222,@hotmail.com,angelo@hotmail.com,1
CRISTIAN,237,@hotmail.com,cristian@hotmail.com,1
WELLINGTON,223,@hotmail.com,wellington@hotmail.com,1
ALEXANDRO,59,@gmail.com,alexandro@gmail.com,6
VALDEMIR,209,@hotmail.com,valdemir@hotmail.com,1
WANDERSON,152,@hotmail.com,wanderson@hotmail.com,1
JAILSON,24,@hotmail.com,jailson@hotmail.com,3
DENIS,238,@gmail.com,denis@gmail.com,2
RIAN,14,@hotmail.com,rian@hotmail.com,1
CELIO,78,@hotmail.com,celio@hotmail.com,5
CLAUDINEI,121,@gmail.com,claudinei@gmail.com,1
DENILSON,343,@gmail.com,denilson@gmail.com,2
IAGO,142,@gmail.com,iago@gmail.com,4
EDER,64,@hotmail.com,eder@hotmail.com,2
YURI,13,@gmail.com,yuri@gmail.com,1
CHARLES,246,@gmail.com,charles@gmail.com,1
MARLON,82,@gmail.com,marlon@gmail.com,4
ALISON,380,@gmail.com,alison@gmail.com,1
JONATAN,371,@gmail.com,jonatan@gmail.com,1
ERIC,52,@gmail.com,eric@gmail.com,2
ELTON,62,@gmail.com,elton@gmail.com,3
VALDECIR,87,@hotmail.com,valdecir@hotmail.com,1
WESLEI,18,@hotmail.com,weslei@hotmail.com,12
NATANAEL,111,@hotmail.com,natanael@hotmail.com,1
ERICK,161,@gmail.com,erick@gmail.com,6
AGNALDO,250,@gmail.com,agnaldo@gmail.com,1
KAUAN,225,@gmail.com,kauan@gmail.com,1
ODAIR,36,@gmail.com,odair@gmail.com,2
WALTER,388,@gmail.com,walter@gmail.com,2
ARLINDO,175,@hotmail.com,arlindo@hotmail.com,1
MICHAEL,375,@hotmail.com,michael@hotmail.com,1
ALVARO,57,@hotmail.com,alvaro@hotmail.com,1
GEOVANE,6,@gmail.com,geovane@gmail.com,2
MARIA,105,@hotmail.com,maria@hotmail.com,2
ANA,321,@gmail.com,ana@gmail.com,5
FRANCISCA,231,@gmail.com,francisca@gmail.com,3
ANTONIA,136,@gmail.com,antonia@gmail.com,1
ADRIANA,221,@hotmail.com,adriana@hotmail.com,3
JULIANA,140,@gmail.com,juliana@gmail.com,2
MARCIA,400,@gmail.com,marcia@gmail.com,1
FERNANDA,124,@hotmail.com,fernanda@hotmail.com,2
PATRICIA,33,@hotmail.com,patricia@hotmail.com,2
ALINE,188,@gmail.com,aline@gmail.com,1
SANDRA,129,@hotmail.com,sandra@hotmail.com,1
CAMILA,278,@gmail.com,camila@gmail.com,1
AMANDA,170,@hotmail.com,amanda@hotmail.com,3
BRUNA,336,@gmail.com,bruna@gmail.com,1
JESSICA,91,@hotmail.com,jessica@hotmail.com,3
LETICIA,147,@hotmail.com,leticia@hotmail.com,1
JULIA,47,@hotmail.com,julia@hotmail.com,2
LUCIANA,296,@hotmail.com,luciana@hotmail.com,1
VANESSA,263,@hotmail.com,vanessa@hotmail.com,1
MARIANA,309,@gmail.com,mariana@gmail.com,1
GABRIELA,280,@hotmail.com,gabriela@hotmail.com,4
VERA,195,@hotmail.com,vera@hotmail.com,2
VITORIA,63,@hotmail.com,vitoria@hotmail.com,1
LARISSA,116,@hotmail.com,larissa@hotmail.com,1
CLAUDIA,287,@gmail.com,claudia@gmail.com,2
BEATRIZ,378,@hotmail.com,beatriz@hotmail.com,1
RITA,293,@hotmail.com,rita@hotmail.com,1
LUANA,146,@hotmail.com,luana@hotmail.com,2
SONIA,241,@gmail.com,sonia@gmail.com,1
RENATA,259,@gmail.com,renata@gmail.com,2
ELIANE,75,@hotmail.com,eliane@hotmail.com,2
JOSEFA,106,@gmail.com,josefa@gmail.com,1
SIMONE,289,@gmail.com,simone@gmail.com,1
NATALIA,48,@hotmail.com,natalia@hotmail.com,3
CRISTIANE,180,@gmail.com,cristiane@gmail.com,5
CARLA,167,@gmail.com,carla@gmail.com,1
DEBORA,66,@hotmail.com,debora@hotmail.com,1
ROSANGELA,207,@gmail.com,rosangela@gmail.com,2
JAQUELINE,44,@gmail.com,jaqueline@gmail.com,8
ROSA,101,@gmail.com,rosa@gmail.com,1
APARECIDA,398,@gmail.com,aparecida@gmail.com,1
DANIELA,384,@gmail.com,daniela@gmail.com,1
MARLENE,83,@hotmail.com,marlene@hotmail.com,1
TEREZINHA,158,@hotmail.com,terezinha@hotmail.com,1
RAIMUNDA,210,@gmail.com,raimunda@gmail.com,1
ANDREIA,383,@hotmail.com,andreia@hotmail.com,1
FABIANA,185,@hotmail.com,fabiana@hotmail.com,2
LUCIA,348,@hotmail.com,lucia@hotmail.com,5
RAQUEL,29,@hotmail.com,raquel@hotmail.com,3
ANGELA,114,@hotmail.com,angela@hotmail.com,5
RAFAELA,204,@hotmail.com,rafaela@hotmail.com,4
JOANA,102,@gmail.com,joana@gmail.com,4
LUZIA,71,@hotmail.com,luzia@hotmail.com,3
ELAINE,254,@gmail.com,elaine@gmail.com,1
REGINA,272,@gmail.com,regina@gmail.com,2
DANIELE,39,@hotmail.com,daniele@hotmail.com,1
SUELI,266,@hotmail.com,sueli@hotmail.com,2
DAIANE,176,@gmail.com,daiane@gmail.com,1
ALESSANDRA,69,@gmail.com,alessandra@gmail.com,1
ISABEL,243,@hotmail.com,isabel@hotmail.com,4
SARA,311,@hotmail.com,sara@hotmail.com,1
BIANCA,329,@hotmail.com,bianca@hotmail.com,1
FLAVIA,182,@gmail.com,flavia@gmail.com,1
ERICA,68,@hotmail.com,erica@hotmail.com,2
VIVIANE,86,@hotmail.com,viviane@hotmail.com,1
SILVANA,22,@gmail.com,silvana@gmail.com,1
PRISCILA,110,@gmail.com,priscila@gmail.com,1
PAULA,256,@gmail.com,paula@gmail.com,2
LUIZA,197,@hotmail.com,luiza@hotmail.com,2
TEREZA,145,@gmail.com,tereza@gmail.com,1
ISABELA,7,@gmail.com,isabela@gmail.com,5
MARTA,316,@gmail.com,marta@gmail.com,1
CAROLINE,369,@hotmail.com,caroline@hotmail.com,1
JANAINA,104,@hotmail.com,janaina@hotmail.com,1
LAURA,370,@gmail.com,laura@gmail.com,2
MARLI,251,@gmail.com,marli@gmail.com,2
TATIANE,20,@hotmail.com,tatiane@hotmail.com,6
MARINA,49,@gmail.com,marina@gmail.com,1
SILVIA,50,@gmail.com,silvia@gmail.com,1
MONICA,335,@hotmail.com,monica@hotmail.com,1
TAIS,264,@gmail.com,tais@gmail.com,4
MICHELE,215,@hotmail.com,michele@hotmail.com,2
SOLANGE,109,@gmail.com,solange@gmail.com,1
EDNA,372,@hotmail.com,edna@hotmail.com,2
FATIMA,200,@gmail.com,fatima@gmail.com,3
HELENA,362,@hotmail.com,helena@hotmail.com,2
CRISTINA,4,@gmail.com,cristina@gmail.com,3
ALICE,10,@gmail.com,alice@gmail.com,1
CAROLINA,315,@hotmail.com,carolina@hotmail.com,1
ROSANA,328,@gmail.com,rosana@gmail.com,2
ANDRESSA,189,@hotmail.com,andressa@hotmail.com,1
CELIA,300,@gmail.com,celia@gmail.com,1
VALERIA,153,@hotmail.com,valeria@hotmail.com,1
ELIANA,310,@gmail.com,eliana@gmail.com,1
SABRINA,132,@hotmail.com,sabrina@hotmail.com,2
ANDREA,334,@hotmail.com,andrea@hotmail.com,2
TANIA,391,@gmail.com,tania@gmail.com,3
BARBARA,198,@hotmail.com,barbara@hotmail.com,2
THAIS,141,@hotmail.com,thais@hotmail.com,1
DENISE,217,@gmail.com,denise@gmail.com,4
ROSELI,34,@gmail.com,roseli@gmail.com,1
GISELE,96,@hotmail.com,gisele@hotmail.com,1
MARILENE,212,@hotmail.com,marilene@hotmail.com,1
KATIA,135,@gmail.com,katia@gmail.com,5
EVA,21,@hotmail.com,eva@hotmail.com,1
MILENA,228,@gmail.com,milena@gmail.com,2
EDUARDA,269,@gmail.com,eduarda@gmail.com,3
ELISANGELA,373,@hotmail.com,elisangela@hotmail.com,1
VILMA,394,@hotmail.com,vilma@hotmail.com,1
GEOVANA,229,@hotmail.com,geovana@hotmail.com,3
LUCIENE,382,@hotmail.com,luciene@hotmail.com,1
TAMIRES,267,@gmail.com,tamires@gmail.com,3
TATIANA,118,@hotmail.com,tatiana@hotmail.com,1
ROBERTA,190,@gmail.com,roberta@gmail.com,2
ELZA,112,@hotmail.com,elza@hotmail.com,4
TALITA,340,@hotmail.com,talita@hotmail.com,1
MARCELA,107,@hotmail.com,marcela@hotmail.com,1
PAMELA,103,@hotmail.com,pamela@hotmail.com,3
VANIA,354,@hotmail.com,vania@hotmail.com,1
IRENE,168,@gmail.com,irene@gmail.com,1
JOSIANE,178,@hotmail.com,josiane@hotmail.com,2
LIVIA,364,@gmail.com,livia@gmail.com,2
CINTIA,119,@hotmail.com,cintia@hotmail.com,1
IVONE,365,@gmail.com,ivone@gmail.com,1
LAIS,279,@hotmail.com,lais@hotmail.com,2
BENEDITA,265,@hotmail.com,benedita@hotmail.com,5
SEBASTIANA,151,@hotmail.com,sebastiana@hotmail.com,2
TAINA,350,@gmail.com,taina@gmail.com,3
JOICE,35,@hotmail.com,joice@hotmail.com,1
MIRIAN,128,@hotmail.com,mirian@hotmail.com,1
ELIZABETE,60,@hotmail.com,elizabete@hotmail.com,1
ANGELICA,292,@hotmail.com,angelica@hotmail.com,3
GABRIELE,3,@hotmail.com,gabriele@hotmail.com,2
BRENDA,117,@hotmail.com,brenda@hotmail.com,2
VERONICA,115,@gmail.com,veronica@gmail.com,4
ROSILENE,397,@gmail.com,rosilene@gmail.com,1
KARINA,97,@hotmail.com,karina@hotmail.com,2
NAIR,53,@gmail.com,nair@gmail.com,1
NEUSA,98,@hotmail.com,neusa@hotmail.com,4
MARGARIDA,206,@hotmail.com,margarida@hotmail.com,1
NEUZA,337,@gmail.com,neuza@gmail.com,1
NEIDE,134,@gmail.com,neide@gmail.com,2
RAISSA,191,@gmail.com,raissa@gmail.com,3
MAIARA,261,@gmail.com,maiara@gmail.com,1
LORENA,389,@hotmail.com,lorena@hotmail.com,3
FRANCIELE,333,@gmail.com,franciele@gmail.com,1
SAMARA,65,@hotmail.com,samara@hotmail.com,4
LILIAN,376,@gmail.com,lilian@gmail.com,1
JANETE,193,@gmail.com,janete@gmail.com,1
CICERA,342,@gmail.com,cicera@gmail.com,2
GIOVANA,399,@hotmail.com,giovana@hotmail.com,2
SEVERINA,2,@gmail.com,severina@gmail.com,3
LARA,56,@gmail.com,lara@gmail.com,1
CLEIDE,271,@hotmail.com,cleide@hotmail.com,2
NICOLE,216,@hotmail.com,nicole@hotmail.com,1
CECILIA,325,@gmail.com,cecilia@gmail.com,2
YASMIN,245,@gmail.com,yasmin@gmail.com,6
CONCEICAO,332,@hotmail.com,conceicao@hotmail.com,4
INGRID,227,@gmail.com,ingrid@gmail.com,2
SELMA,341,@gmail.com,selma@gmail.com,3
LEILA,282,@hotmail.com,leila@hotmail.com,3
RAIANE,390,@gmail.com,raiane@gmail.com,1
ESTER,27,@gmail.com,ester@gmail.com,1
REGIANE,392,@hotmail.com,regiane@hotmail.com,2
MARISA,173,@gmail.com,marisa@gmail.com,3
EUNICE,326,@hotmail.com,eunice@hotmail.com,2
KELLY,12,@hotmail.com,kelly@hotmail.com,1
TAINARA,303,@hotmail.com,tainara@hotmail.com,1
IARA,277,@gmail.com,iara@gmail.com,1
JOELMA,77,@gmail.com,joelma@gmail.com,1
MARINALVA,113,@hotmail.com,marinalva@hotmail.com,4
TERESINHA,395,@hotmail.com,teresinha@hotmail.com,1
REBECA,205,@gmail.com,rebeca@gmail.com,2
GERALDA,249,@hotmail.com,geralda@hotmail.com,2
CLEONICE,171,@hotmail.com,cleonice@hotmail.com,2
ALEXANDRA,1,@gmail.com,alexandra@gmail.com,2
MARA,319,@gmail.com,mara@gmail.com,1
JENIFER,130,@hotmail.com,jenifer@hotmail.com,1
ELIZANGELA,314,@hotmail.com,elizangela@hotmail.com,1
LILIANE,396,@hotmail.com,liliane@hotmail.com,2
LIDIA,172,@hotmail.com,lidia@hotmail.com,1
IRACEMA,302,@gmail.com,iracema@gmail.com,1
LIDIANE,288,@gmail.com,lidiane@gmail.com,6
IRACI,99,@gmail.com,iraci@gmail.com,3
MARILIA,247,@hotmail.com,marilia@hotmail.com,2
SHEILA,357,@hotmail.com,sheila@hotmail.com,2
INES,32,@hotmail.com,ines@hotmail.com,4
NAIARA,291,@hotmail.com,naiara@hotmail.com,2
POLIANA,131,@gmail.com,poliana@gmail.com,2
DALVA,73,@gmail.com,dalva@gmail.com,3
LURDES,356,@gmail.com,lurdes@gmail.com,3
TERESA,43,@gmail.com,teresa@gmail.com,1
ZILDA,81,@hotmail.com,zilda@hotmail.com,1
LUCILENE,201,@hotmail.com,lucilene@hotmail.com,1
CLARA,258,@hotmail.com,clara@hotmail.com,2
ROSANE,70,@hotmail.com,rosane@hotmail.com,6
IVONETE,313,@gmail.com,ivonete@gmail.com,1
LUCIANE,363,@hotmail.com,luciane@hotmail.com,1
ISADORA,126,@gmail.com,isadora@gmail.com,1
NILZA,80,@gmail.com,nilza@gmail.com,2
